Employee_Name,EmpID,Married,FromDiversityJobFair,Salary,Terminated,Position,State,Zip,DOB,Sex,MaritalStatus,CitizenDesc,HispanicLatino,RaceDesc,DateofHire,DateofTermination,TermReason,EmploymentStatus,Department,ManagerName,RecruitmentSource,PerformanceScore,EngagementSurvey,EmpSatisfaction,SpecialProjectsCount,LastPerformanceReview_Date,DaysLateLast30,Absences
"Adinolfi, Wilson  K",10026,No,No,62506,No,Production Technician I,MA,1960,7/10/1983,Male,Single,US Citizen,No,White,7/5/2011,,N/A-StillEmployed,Active,Production,Michael Albert,LinkedIn,Exceeds,4.6,5,0,1/17/2019,0,1
"Ait Sidi, Karthikeyan   ",10084,Yes,No,104437,Yes,Sr. DBA,MA,2148,5/5/1975,Male,Married,US Citizen,No,White,3/30/2015,6/16/2016,career change,Voluntarily Terminated,IT/IS,Simon Roup,Indeed,Fully Meets,4.96,3,6,2/24/2016,0,17
"Akinkuolie, Sarah",10196,Yes,No,64955,Yes,Production Technician II,MA,1810,9/19/1988,Female,Married,US Citizen,No,White,7/5/2011,9/24/2012,hours,Voluntarily Terminated,Production,Kissy Sullivan,LinkedIn,Fully Meets,3.02,3,0,5/15/2012,0,3
"Alagbe,Trina",10088,Yes,No,64991,No,Production Technician I,MA,1886,9/27/1988,Female,Married,US Citizen,No,White,1/7/2008,,N/A-StillEmployed,Active,Production,Elijiah Gray,Indeed,Fully Meets,4.84,5,0,1/3/2019,0,15
"Anderson, Carol ",10069,No,No,50825,Yes,Production Technician I,MA,2169,9/8/1989,Female,Divorced,US Citizen,No,White,7/11/2011,9/6/2016,return to school,Voluntarily Terminated,Production,Webster Butler,Google Search,Fully Meets,5,4,0,2/1/2016,0,2
"Anderson, Linda  ",10002,No,No,57568,No,Production Technician I,MA,1844,5/22/1977,Female,Single,US Citizen,No,White,1/9/2012,,N/A-StillEmployed,Active,Production,Amy Dunn,LinkedIn,Exceeds,5,5,0,1/7/2019,0,15
"Andreola, Colby",10194,No,No,95660,No,Software Engineer,MA,2110,5/24/1979,Female,Single,US Citizen,No,White,11/10/2014,,N/A-StillEmployed,Active,Software Engineering,Alex Sweetwater,LinkedIn,Fully Meets,3.04,3,4,1/2/2019,0,19
"Athwal, Sam",10062,No,No,59365,No,Production Technician I,MA,2199,2/18/1983,Male,Widowed,US Citizen,No,White,9/30/2013,,N/A-StillEmployed,Active,Production,Ketsia Liebig,Employee Referral,Fully Meets,5,4,0,2/25/2019,0,19
"Bachiochi, Linda",10114,No,Yes,47837,No,Production Technician I,MA,1902,2/11/1970,Female,Single,US Citizen,No,Black or African American,7/6/2009,,N/A-StillEmployed,Active,Production,Brannon Miller,Diversity Job Fair,Fully Meets,4.46,3,0,1/25/2019,0,4
"Bacong, Alejandro ",10250,No,No,50178,No,IT Support,MA,1886,1/7/1988,Male,Divorced,US Citizen,No,White,1/5/2015,,N/A-StillEmployed,Active,IT/IS,Peter Monroe,Indeed,Fully Meets,5,5,6,2/18/2019,0,16
"Baczenski, Rachael  ",10252,Yes,Yes,54670,Yes,Production Technician I,MA,1902,1/12/1974,Female,Married,US Citizen,Yes,Black or African American,1/10/2011,1/12/2017,Another position,Voluntarily Terminated,Production,David Stanley,Diversity Job Fair,Fully Meets,4.2,4,0,1/30/2016,0,12
"Barbara, Thomas",10242,Yes,Yes,47211,Yes,Production Technician I,MA,2062,2/21/1974,Male,Married,US Citizen,Yes,Black or African American,4/2/2012,9/19/2016,unhappy,Voluntarily Terminated,Production,Kissy Sullivan,Diversity Job Fair,Fully Meets,4.2,3,0,5/6/2016,0,15
"Barbossa, Hector",10012,No,Yes,92328,No,Data Analyst,TX,78230,7/4/1988,Male,Divorced,US Citizen,No,Black or African American,11/10/2014,,N/A-StillEmployed,Active,IT/IS,Simon Roup,Diversity Job Fair,Exceeds,4.28,4,5,2/25/2019,0,9
"Barone, Francesco  A",10265,No,No,58709,No,Production Technician I,MA,1810,7/20/1983,Male,Single,US Citizen,No,Two or more races,2/20/2012,,N/A-StillEmployed,Active,Production,Kelley Spirea,Google Search,Fully Meets,4.6,4,0,2/14/2019,0,7
"Barton, Nader",10066,No,No,52505,Yes,Production Technician I,MA,2747,7/15/1977,Male,Divorced,US Citizen,No,White,9/24/2012,4/6/2017,Another position,Voluntarily Terminated,Production,Michael Albert,On-line Web application,Fully Meets,5,5,0,3/2/2017,0,1
"Bates, Norman",10061,No,No,57834,Yes,Production Technician I,MA,2050,10/18/1981,Male,Single,US Citizen,No,White,2/21/2011,8/4/2017,attendance,Terminated for Cause,Production,Kelley Spirea,Google Search,Fully Meets,5,4,0,4/5/2017,0,20
"Beak, Kimberly  ",10023,Yes,No,70131,No,Production Technician II,MA,2145,4/17/1966,Female,Married,US Citizen,No,White,7/21/2016,,N/A-StillEmployed,Active,Production,Kelley Spirea,Employee Referral,Exceeds,4.4,3,0,1/14/2019,0,16
"Beatrice, Courtney ",10055,No,No,59026,No,Production Technician I,MA,1915,10/27/1970,Female,Single,Eligible NonCitizen,No,White,4/4/2011,,N/A-StillEmployed,Active,Production,Elijiah Gray,Google Search,Fully Meets,5,5,0,1/14/2019,0,12
"Becker, Renee",10245,No,No,110000,Yes,Database Administrator,MA,2026,4/4/1986,Female,Single,US Citizen,Yes,White,7/7/2014,9/12/2015,performance,Terminated for Cause,IT/IS,Simon Roup,Google Search,Fully Meets,4.5,4,5,1/15/2015,0,8
"Becker, Scott",10277,No,No,53250,No,Production Technician I,MA,2452,4/6/1979,Male,Single,US Citizen,No,Asian,7/8/2013,,N/A-StillEmployed,Active,Production,Webster Butler,LinkedIn,Fully Meets,4.2,4,0,1/11/2019,0,13
"Bernstein, Sean",10046,No,No,51044,No,Production Technician I,MA,2072,12/22/1970,Male,Single,US Citizen,Yes,White,4/2/2012,,N/A-StillEmployed,Active,Production,Amy Dunn,Google Search,Fully Meets,5,3,0,1/14/2019,0,13
"Biden, Lowan  M",10226,No,No,64919,No,Production Technician I,MA,2027,12/27/1958,Female,Divorced,US Citizen,No,Asian,8/19/2013,,N/A-StillEmployed,Active,Production,Ketsia Liebig,Indeed,Fully Meets,4.2,3,0,1/10/2019,0,2
"Billis, Helen",10003,Yes,No,62910,No,Production Technician I,MA,2031,9/1/1989,Female,Married,US Citizen,No,White,7/7/2014,,N/A-StillEmployed,Active,Production,Brannon Miller,Indeed,Exceeds,5,3,0,2/27/2019,0,19
"Blount, Dianna",10294,No,No,66441,No,Production Technician II,MA,2171,9/21/1990,Female,Single,US Citizen,No,White,4/4/2011,,N/A-StillEmployed,Active,Production,Michael Albert,CareerBuilder,Needs Improvement,2,3,0,2/27/2019,2,3
"Bondwell, Betsy",10267,No,No,57815,Yes,Production Technician II,MA,2210,1/16/1967,Female,Single,US Citizen,No,White,1/10/2011,4/4/2014,career change,Voluntarily Terminated,Production,Elijiah Gray,Google Search,Fully Meets,4.8,5,0,3/4/2014,0,5
"Booth, Frank",10199,No,No,103613,Yes,Enterprise Architect,CT,6033,7/30/1964,Male,Single,US Citizen,No,Black or African American,2/17/2014,2/19/2016,Learned that he is a gangster,Terminated for Cause,IT/IS,Simon Roup,LinkedIn,Fully Meets,3.5,5,7,1/10/2016,0,2
"Boutwell, Bonalyn",10081,Yes,Yes,106367,No,Sr. Accountant,MA,2468,4/4/1987,Female,Married,US Citizen,No,Black or African American,2/16/2015,,N/A-StillEmployed,Active,Admin Offices,Brandon R. LeBlanc,Diversity Job Fair,Fully Meets,5,4,3,2/18/2019,0,4
"Bozzi, Charles",10175,No,No,74312,Yes,Production Manager,MA,1901,3/10/1970,Male,Single,US Citizen,No,Asian,9/30/2013,8/7/2014,retiring,Voluntarily Terminated,Production,Janet King,Indeed,Fully Meets,3.39,3,0,2/20/2014,0,14
"Brill, Donna",10177,Yes,No,53492,Yes,Production Technician I,MA,1701,8/24/1990,Female,Married,US Citizen,No,White,4/2/2012,6/15/2013,Another position,Voluntarily Terminated,Production,David Stanley,Google Search,Fully Meets,3.35,4,0,3/4/2013,0,6
"Brown, Mia",10238,Yes,Yes,63000,No,Accountant I,MA,1450,11/24/1987,Female,Married,US Citizen,No,Black or African American,10/27/2008,,N/A-StillEmployed,Active,Admin Offices,Brandon R. LeBlanc,Diversity Job Fair,Fully Meets,4.5,2,6,1/15/2019,0,14
"Buccheri, Joseph  ",10184,No,No,65288,No,Production Technician II,MA,1013,7/28/1983,Male,Single,US Citizen,No,White,9/29/2014,,N/A-StillEmployed,Active,Production,Webster Butler,Google Search,Fully Meets,3.19,3,0,2/1/2019,0,9
"Bugali, Josephine ",10203,No,Yes,64375,No,Production Technician I,MA,2043,10/30/1969,Female,Separated,US Citizen,No,Black or African American,11/11/2013,,N/A-StillEmployed,Active,Production,Kissy Sullivan,Diversity Job Fair,Fully Meets,3.5,5,0,1/21/2019,0,17
"Bunbury, Jessica",10188,Yes,No,74326,Yes,Area Sales Manager,VA,21851,6/1/1964,Female,Married,Eligible NonCitizen,No,Black or African American,8/15/2011,8/2/2014,Another position,Voluntarily Terminated,Sales,John Smith,Google Search,Fully Meets,3.14,5,0,2/10/2013,1,19
"Burke, Joelle",10107,No,No,63763,No,Production Technician II,MA,2148,3/2/1980,Female,Single,US Citizen,No,Black or African American,3/5/2012,,N/A-StillEmployed,Active,Production,Amy Dunn,Employee Referral,Fully Meets,4.51,4,0,2/21/2019,0,3
"Burkett, Benjamin ",10181,Yes,No,62162,No,Production Technician II,MA,1890,8/19/1977,Male,Married,US Citizen,No,White,4/4/2011,,N/A-StillEmployed,Active,Production,Ketsia Liebig,Indeed,Fully Meets,3.25,5,0,1/14/2019,0,15
"Cady, Max ",10150,No,No,77692,No,Software Engineering Manager,MA,2184,11/22/1966,Male,Single,US Citizen,No,White,8/15/2011,,N/A-StillEmployed,Active,Software Engineering,Jennifer Zamora,Google Search,Fully Meets,3.84,3,5,1/21/2019,0,4
"Candie, Calvin",10001,No,No,72640,No,Production Manager,MA,2169,8/9/1983,Male,Single,US Citizen,No,White,1/28/2016,,N/A-StillEmployed,Active,Production,Janet King,Indeed,Exceeds,5,3,0,2/22/2019,0,14
"Carabbio, Judith",10085,No,No,93396,No,Software Engineer,MA,2132,4/5/1987,Female,Single,US Citizen,No,White,11/11/2013,,N/A-StillEmployed,Active,Software Engineering,Alex Sweetwater,Indeed,Fully Meets,4.96,4,6,1/30/2019,0,3
"Carey, Michael  ",10115,No,No,52846,No,Production Technician I,MA,1701,2/2/1983,Male,Single,US Citizen,No,Black or African American,3/31/2014,,N/A-StillEmployed,Active,Production,Kelley Spirea,LinkedIn,Fully Meets,4.43,3,0,2/1/2019,0,14
"Carr, Claudia  N",10082,No,No,100031,No,Sr. DBA,MA,1886,6/6/1986,Female,Single,US Citizen,No,Black or African American,6/30/2016,,N/A-StillEmployed,Active,IT/IS,Simon Roup,LinkedIn,Fully Meets,5,5,6,2/18/2019,0,7
"Carter, Michelle ",10040,No,No,71860,No,Area Sales Manager,VT,5664,5/15/1963,Female,Single,US Citizen,No,White,8/18/2014,,N/A-StillEmployed,Active,Sales,John Smith,Indeed,Fully Meets,5,5,0,1/21/2019,0,7
"Chace, Beatrice ",10067,No,No,61656,No,Production Technician I,MA,2763,1/2/1951,Female,Single,US Citizen,No,White,9/29/2014,,N/A-StillEmployed,Active,Production,Michael Albert,Google Search,Fully Meets,5,4,0,2/12/2019,0,11
"Champaigne, Brian",10108,Yes,No,110929,No,BI Director,MA,2045,2/9/1972,Male,Married,US Citizen,No,White,9/6/2016,,N/A-StillEmployed,Active,IT/IS,Jennifer Zamora,Indeed,Fully Meets,4.5,5,7,1/15/2019,0,8
"Chan, Lin",10210,No,No,54237,No,Production Technician I,MA,2170,2/12/1979,Female,Single,US Citizen,No,White,5/12/2014,,N/A-StillEmployed,Active,Production,Elijiah Gray,Indeed,Fully Meets,3.3,4,0,2/19/2019,0,11
"Chang, Donovan  E",10154,No,No,60380,No,Production Technician I,MA,1845,8/24/1983,Male,Single,US Citizen,No,White,7/8/2013,,N/A-StillEmployed,Active,Production,Webster Butler,LinkedIn,Fully Meets,3.8,5,0,1/14/2019,0,4
"Chigurh, Anton",10200,No,No,66808,No,Area Sales Manager,TX,78207,6/11/1970,Male,Single,Eligible NonCitizen,No,Black or African American,5/14/2012,,N/A-StillEmployed,Active,Sales,Lynn Daneault,Employee Referral,Fully Meets,3,5,0,1/19/2019,0,17
"Chivukula, Enola",10240,No,No,64786,Yes,Production Technician I,MA,1775,8/27/1983,Female,Single,US Citizen,No,White,6/27/2011,11/15/2015,relocation out of area,Voluntarily Terminated,Production,Amy Dunn,Indeed,Fully Meets,4.3,4,0,3/10/2015,0,3
"Cierpiszewski, Caroline  ",10168,No,No,64816,No,Production Technician I,MA,2044,5/31/1988,Female,Single,Non-Citizen,No,Black or African American,10/3/2011,,N/A-StillEmployed,Active,Production,Ketsia Liebig,Indeed,Fully Meets,3.58,5,0,1/30/2019,0,3
"Clayton, Rick",10220,No,No,68678,No,IT Support,MA,2170,9/5/1985,Male,Single,US Citizen,No,White,9/5/2012,,N/A-StillEmployed,Active,IT/IS,Eric Dougall,Indeed,Fully Meets,4.7,3,6,2/27/2019,0,2
"Cloninger, Jennifer",10275,Yes,No,64066,Yes,Production Technician II,MA,1752,8/31/1981,Female,Married,US Citizen,No,White,5/16/2011,1/7/2013,unhappy,Voluntarily Terminated,Production,Brannon Miller,Google Search,Fully Meets,4.2,5,0,5/3/2012,0,9
"Close, Phil",10269,Yes,No,59369,Yes,Production Technician II,MA,2169,11/25/1978,Male,Married,US Citizen,No,White,8/30/2010,9/26/2011,career change,Voluntarily Terminated,Production,David Stanley,Indeed,Fully Meets,4.2,4,0,5/4/2011,0,6
"Clukey, Elijian",10029,Yes,No,50373,No,Production Technician I,MA,2134,8/26/1980,Male,Married,US Citizen,No,White,7/6/2016,,N/A-StillEmployed,Active,Production,Brannon Miller,Employee Referral,Exceeds,4.1,4,0,2/28/2019,0,5
"Cockel, James",10261,No,No,63108,No,Production Technician I,MA,2452,9/8/1977,Male,Single,US Citizen,No,White,7/8/2013,,N/A-StillEmployed,Active,Production,David Stanley,Employee Referral,Fully Meets,4.4,5,0,1/14/2019,0,3
"Cole, Spencer",10292,No,No,59144,Yes,Production Technician I,MA,1880,8/12/1979,Male,Single,US Citizen,No,Black or African American,7/11/2011,9/23/2016,performance,Terminated for Cause,Production,Kissy Sullivan,LinkedIn,Needs Improvement,2,3,0,5/1/2016,5,16
"Corleone, Michael",10282,No,No,68051,No,Production Manager,MA,1803,12/17/1975,Male,Divorced,US Citizen,No,White,7/20/2010,,N/A-StillEmployed,Active,Production,Janet King,CareerBuilder,Needs Improvement,4.13,2,0,1/14/2019,3,3
"Corleone, Vito",10019,No,No,170500,No,Director of Operations,MA,2030,3/19/1983,Male,Single,US Citizen,No,Black or African American,1/5/2009,,N/A-StillEmployed,Active,Production,Janet King,Indeed,Exceeds,3.7,5,0,2/4/2019,0,15
"Cornett, Lisa ",10094,Yes,No,63381,No,Production Technician I,MA,2189,3/31/1977,Female,Married,US Citizen,Yes,White,1/5/2015,,N/A-StillEmployed,Active,Production,Kelley Spirea,Indeed,Fully Meets,4.73,5,0,2/14/2019,0,6
"Costello, Frank",10193,Yes,No,83552,No,Data Analyst,MA,1810,8/26/1986,Male,Married,US Citizen,No,White,3/30/2015,,N/A-StillEmployed,Active,IT/IS,Simon Roup,Indeed,Fully Meets,3.04,3,6,1/22/2019,0,2
"Crimmings,   Jean",10132,No,No,56149,No,Production Technician I,MA,1821,4/10/1987,Female,Single,US Citizen,No,White,7/6/2016,,N/A-StillEmployed,Active,Production,Michael Albert,LinkedIn,Fully Meets,4.12,5,0,1/28/2019,0,15
"Cross, Noah",10083,No,No,92329,No,Sr. Network Engineer,CT,6278,9/9/1965,Male,Single,US Citizen,No,White,11/10/2014,,N/A-StillEmployed,Active,IT/IS,Peter Monroe,Employee Referral,Fully Meets,5,3,4,1/2/2019,0,5
"Daneault, Lynn",10099,No,No,65729,No,Sales Manager,VT,5473,4/19/1990,Female,Single,US Citizen,No,White,5/5/2014,,N/A-StillEmployed,Active,Sales,Debra Houlihan,Indeed,Fully Meets,4.62,4,0,1/24/2019,0,8
"Daniele, Ann  ",10212,Yes,No,85028,No,Sr. Network Engineer,CT,6033,1/18/1952,Female,Married,US Citizen,No,White,11/10/2014,,N/A-StillEmployed,Active,IT/IS,Peter Monroe,LinkedIn,Fully Meets,3.1,5,8,2/12/2019,0,19
"Darson, Jene'ya ",10056,Yes,No,57583,No,Production Technician I,MA,2110,11/5/1978,Female,Married,US Citizen,No,White,7/2/2012,,N/A-StillEmployed,Active,Production,Elijiah Gray,Indeed,Fully Meets,5,3,0,2/25/2019,0,1
"Davis, Daniel",10143,No,No,56294,No,Production Technician II,MA,2458,9/14/1979,Male,Single,Eligible NonCitizen,No,Two or more races,11/7/2011,,N/A-StillEmployed,Active,Production,Kissy Sullivan,LinkedIn,Fully Meets,3.96,4,0,2/27/2019,0,6
"Dee, Randy",10311,Yes,No,56991,No,Production Technician I,MA,2138,4/15/1988,Male,Married,US Citizen,No,White,7/9/2018,,N/A-StillEmployed,Active,Production,Brannon Miller,Indeed,Fully Meets,4.3,4,3,1/31/2019,2,2
"DeGweck,  James",10070,Yes,No,55722,Yes,Production Technician I,MA,1810,10/31/1977,Male,Married,US Citizen,No,White,5/16/2011,6/8/2016,unhappy,Voluntarily Terminated,Production,Webster Butler,Indeed,Fully Meets,5,4,0,4/2/2016,0,14
"Del Bosque, Keyla",10155,No,No,101199,No,Software Engineer,MA,2176,7/5/1979,Female,Single,US Citizen,No,Black or African American,1/9/2012,,N/A-StillEmployed,Active,Software Engineering,Alex Sweetwater,CareerBuilder,Fully Meets,3.79,5,5,1/25/2019,0,8
"Delarge, Alex",10306,No,No,61568,No,Area Sales Manager,AL,36006,11/2/1975,Male,Single,US Citizen,No,Two or more races,9/29/2014,,N/A-StillEmployed,Active,Sales,John Smith,Indeed,PIP,1.93,3,0,1/30/2019,6,5
"Demita, Carla",10100,No,No,58275,Yes,Production Technician II,MA,2343,2/25/1951,Female,Separated,US Citizen,No,Black or African American,4/4/2011,11/4/2015,more money,Voluntarily Terminated,Production,Kelley Spirea,Google Search,Fully Meets,4.62,5,0,5/6/2015,0,1
"Desimone, Carl ",10310,Yes,No,53189,No,Production Technician I,MA,2061,4/19/1967,Male,Married,US Citizen,No,White,7/7/2014,,N/A-StillEmployed,Active,Production,Amy Dunn,Indeed,PIP,1.12,2,0,1/31/2019,4,9
"DeVito, Tommy",10197,No,No,96820,No,BI Developer,MA,2045,9/4/1983,Male,Single,US Citizen,No,White,2/15/2017,,N/A-StillEmployed,Active,IT/IS,Brian Champaigne,Indeed,Fully Meets,3.01,5,7,1/23/2019,0,15
"Dickinson, Geoff ",10276,No,No,51259,No,Production Technician I,MA,2180,11/15/1982,Male,Single,US Citizen,No,White,5/12/2014,,N/A-StillEmployed,Active,Production,Ketsia Liebig,Indeed,Fully Meets,4.3,4,0,2/19/2019,0,1
"Dietrich, Jenna  ",10304,No,No,59231,No,Area Sales Manager,WA,98052,5/14/1987,Female,Single,US Citizen,Yes,White,2/20/2012,,N/A-StillEmployed,Active,Sales,John Smith,Website,PIP,2.3,1,0,1/29/2019,2,17
"DiNocco, Lily ",10284,Yes,No,61584,No,Production Technician I,MA,2351,12/2/1978,Female,Married,US Citizen,No,Black or African American,1/7/2013,,N/A-StillEmployed,Active,Production,Brannon Miller,Indeed,Needs Improvement,3.88,4,0,1/18/2019,0,6
"Dobrin, Denisa  S",10207,No,No,46335,No,Production Technician I,MA,2125,10/7/1986,Female,Single,US Citizen,Yes,White,4/2/2012,,N/A-StillEmployed,Active,Production,David Stanley,CareerBuilder,Fully Meets,3.4,5,0,2/19/2019,0,15
"Dolan, Linda",10133,Yes,No,70621,No,IT Support,MA,2119,7/18/1988,Female,Married,US Citizen,No,White,1/5/2015,,N/A-StillEmployed,Active,IT/IS,Peter Monroe,Employee Referral,Fully Meets,4.11,4,6,2/25/2019,0,16
"Dougall, Eric",10028,No,No,138888,No,IT Manager - Support,MA,1886,7/9/1970,Male,Single,US Citizen,No,Black or African American,1/5/2014,,N/A-StillEmployed,Active,IT/IS,Jennifer Zamora,Indeed,Exceeds,4.3,5,5,1/4/2019,0,4
"Driver, Elle",10006,No,No,74241,No,Area Sales Manager,CA,90007,11/8/1988,Female,Single,US Citizen,No,White,1/10/2011,,N/A-StillEmployed,Active,Sales,Lynn Daneault,Indeed,Exceeds,4.77,5,0,1/27/2019,0,14
"Dunn, Amy  ",10105,No,No,75188,No,Production Manager,MA,1731,11/28/1973,Female,Single,US Citizen,No,White,9/18/2014,,N/A-StillEmployed,Active,Production,Janet King,Google Search,Fully Meets,4.52,4,0,1/15/2019,0,4
"Dunne, Amy",10211,Yes,No,62514,No,Production Technician I,MA,1749,9/23/1973,Female,Married,US Citizen,No,White,4/26/2010,,N/A-StillEmployed,Active,Production,Ketsia Liebig,Google Search,Fully Meets,2.9,3,0,1/21/2019,0,6
"Eaton, Marianne",10064,Yes,No,60070,Yes,Production Technician I,MA,2343,9/5/1991,Female,Married,US Citizen,No,White,4/4/2011,6/6/2017,military,Voluntarily Terminated,Production,Kissy Sullivan,Google Search,Fully Meets,5,3,0,4/9/2017,0,7
"Engdahl, Jean",10247,No,No,48888,No,Production Technician I,MA,2026,5/31/1974,Male,Single,US Citizen,No,White,11/10/2014,,N/A-StillEmployed,Active,Production,Kelley Spirea,LinkedIn,Fully Meets,4.7,5,0,2/13/2019,0,8
"England, Rex",10235,Yes,No,54285,No,Production Technician I,MA,2045,8/25/1978,Male,Married,US Citizen,No,White,3/31/2014,,N/A-StillEmployed,Active,Production,Kelley Spirea,Employee Referral,Fully Meets,4.2,3,0,1/11/2019,0,3
"Erilus, Angela",10299,No,No,56847,No,Production Technician II,MA,2133,8/25/1989,Female,Separated,US Citizen,No,White,7/7/2014,,N/A-StillEmployed,Active,Production,Michael Albert,Indeed,PIP,3,1,0,2/25/2019,2,5
"Estremera, Miguel",10280,No,No,60340,Yes,Production Technician I,MA,2129,9/2/1983,Male,Single,US Citizen,No,White,4/2/2012,9/27/2018,attendance,Terminated for Cause,Production,Michael Albert,Google Search,Needs Improvement,5,4,0,4/12/2018,5,16
"Evensen, April",10296,No,No,59124,Yes,Production Technician I,MA,2458,5/6/1989,Female,Single,US Citizen,No,White,2/17/2014,2/25/2018,"no-call, no-show",Terminated for Cause,Production,Elijiah Gray,Google Search,Needs Improvement,2.3,3,0,1/15/2017,5,19
"Exantus, Susan",10290,Yes,No,99280,Yes,Software Engineer,MA,1749,5/15/1987,Female,Married,US Citizen,No,Black or African American,5/2/2011,6/5/2013,attendance,Terminated for Cause,Software Engineering,Alex Sweetwater,Indeed,Needs Improvement,2.1,5,4,8/10/2012,4,19
"Faller, Megan ",10263,Yes,No,71776,No,Production Technician II,MA,1824,9/22/1978,Female,Married,US Citizen,No,Black or African American,7/7/2014,,N/A-StillEmployed,Active,Production,Elijiah Gray,LinkedIn,Fully Meets,4.4,5,0,2/22/2019,0,17
"Fancett, Nicole",10136,No,No,65902,No,Production Technician II,MA,2324,9/27/1987,Female,Single,US Citizen,No,Black or African American,2/17/2014,,N/A-StillEmployed,Active,Production,Webster Butler,LinkedIn,Fully Meets,4,4,0,1/7/2019,0,7
"Ferguson, Susan",10189,Yes,No,57748,Yes,Production Technician I,MA,2176,4/14/1955,Female,Married,US Citizen,No,White,11/7/2011,5/17/2016,military,Voluntarily Terminated,Production,Webster Butler,Google Search,Fully Meets,3.13,3,0,2/4/2016,0,16
"Fernandes, Nilson  ",10308,Yes,No,64057,No,Production Technician I,MA,2132,10/18/1989,Male,Married,US Citizen,No,White,5/11/2015,,N/A-StillEmployed,Active,Production,Amy Dunn,Indeed,PIP,1.56,5,0,1/3/2019,6,15
"Fett, Boba",10309,No,No,53366,No,Network Engineer,MA,2138,6/18/1987,Male,Single,US Citizen,No,White,3/30/2015,,N/A-StillEmployed,Active,IT/IS,Peter Monroe,LinkedIn,PIP,1.2,3,6,2/4/2019,3,2
"Fidelia,  Libby",10049,Yes,No,58530,No,Production Technician I,MA,2155,3/16/1981,Female,Married,US Citizen,No,White,1/9/2012,,N/A-StillEmployed,Active,Production,Brannon Miller,Google Search,Fully Meets,5,5,0,1/29/2019,0,19
"Fitzpatrick, Michael  J",10093,No,No,72609,Yes,Production Technician II,MA,2143,10/1/1981,Male,Single,US Citizen,Yes,White,5/16/2011,6/24/2013,hours,Voluntarily Terminated,Production,Amy Dunn,Google Search,Fully Meets,4.76,5,0,4/5/2013,0,20
"Foreman, Tanya",10163,Yes,No,55965,Yes,Production Technician II,MA,2170,11/8/1983,Female,Married,US Citizen,No,White,4/4/2011,1/9/2013,career change,Voluntarily Terminated,Production,Ketsia Liebig,Google Search,Fully Meets,3.66,3,0,1/7/2012,0,6
"Forrest, Alex",10305,Yes,No,70187,Yes,Area Sales Manager,MA,2330,7/7/1975,Male,Married,US Citizen,No,White,9/29/2014,8/19/2018,Fatal attraction,Terminated for Cause,Sales,Lynn Daneault,Employee Referral,PIP,2,5,0,1/28/2019,4,7
"Foss, Jason",10015,No,No,178000,No,IT Director,MA,1460,7/5/1980,Male,Single,US Citizen,No,Black or African American,4/15/2011,,N/A-StillEmployed,Active,IT/IS,Jennifer Zamora,Indeed,Exceeds,5,5,5,1/7/2019,0,15
"Foster-Baker, Amy",10080,Yes,No,99351,No,Sr. Accountant,MA,2050,4/16/1979,Female,Married,US Citizen,No,White,1/5/2009,,N/A-StillEmployed,Active,Admin Offices,Board of Directors,Other,Fully Meets,5,3,2,2/8/2019,0,3
"Fraval, Maruk ",10258,No,No,67251,No,Area Sales Manager,CT,6050,8/28/1963,Male,Single,US Citizen,No,Black or African American,9/6/2011,,N/A-StillEmployed,Active,Sales,Lynn Daneault,CareerBuilder,Fully Meets,4.3,3,0,1/27/2019,2,7
"Galia, Lisa",10273,No,No,65707,No,IT Support,CT,6040,7/6/1968,Female,Single,US Citizen,No,White,5/1/2010,,N/A-StillEmployed,Active,IT/IS,Eric Dougall,LinkedIn,Fully Meets,4.7,4,5,2/1/2019,0,1
"Garcia, Raul",10111,No,No,52249,No,Production Technician I,MA,1905,9/15/1985,Male,Single,US Citizen,Yes,White,3/30/2015,,N/A-StillEmployed,Active,Production,David Stanley,Employee Referral,Fully Meets,4.5,3,0,2/18/2019,0,5
"Gaul, Barbara",10257,No,No,53171,No,Production Technician I,MA,2121,12/2/1983,Female,Single,US Citizen,Yes,Black or African American,5/16/2011,,N/A-StillEmployed,Active,Production,Kelley Spirea,LinkedIn,Fully Meets,4.2,4,0,2/26/2019,0,12
"Gentry, Mildred",10159,Yes,No,51337,No,Production Technician I,MA,2145,10/1/1990,Female,Married,US Citizen,No,Black or African American,3/30/2015,,N/A-StillEmployed,Active,Production,Michael Albert,LinkedIn,Fully Meets,3.73,3,0,1/16/2019,0,19
"Gerke, Melisa",10122,No,Yes,51505,Yes,Production Technician I,MA,2330,5/15/1970,Female,Divorced,US Citizen,No,Black or African American,11/7/2011,11/15/2016,hours,Voluntarily Terminated,Production,Elijiah Gray,Diversity Job Fair,Fully Meets,4.24,4,0,4/29/2016,0,2
"Gill, Whitney  ",10142,No,No,59370,Yes,Area Sales Manager,OH,43050,7/10/1971,Female,Widowed,US Citizen,No,Black or African American,7/7/2014,9/5/2015,attendance,Terminated for Cause,Sales,John Smith,CareerBuilder,Fully Meets,3.97,4,0,1/15/2014,0,7
"Gilles, Alex",10283,Yes,Yes,54933,Yes,Production Technician I,MA,2062,8/9/1974,Male,Married,US Citizen,No,Black or African American,4/2/2012,6/25/2015,military,Voluntarily Terminated,Production,Webster Butler,Diversity Job Fair,Needs Improvement,3.97,4,0,1/20/2015,3,15
"Girifalco, Evelyn",10018,No,No,57815,No,Production Technician I,MA,2451,5/8/1980,Female,Single,US Citizen,Yes,Two or more races,9/29/2014,,N/A-StillEmployed,Active,Production,Amy Dunn,Indeed,Exceeds,3.9,4,0,2/7/2019,0,3
"Givens, Myriam",10255,No,No,61555,No,Area Sales Manager,IN,46204,9/22/1989,Female,Single,US Citizen,No,White,2/16/2015,,N/A-StillEmployed,Active,Sales,Lynn Daneault,Indeed,Fully Meets,4.5,5,0,1/25/2019,0,20
"Goble, Taisha",10246,No,No,114800,Yes,Database Administrator,MA,2127,10/23/1971,Female,Single,US Citizen,No,White,2/16/2015,3/15/2015,"no-call, no-show",Terminated for Cause,IT/IS,Simon Roup,Indeed,Fully Meets,4.6,4,4,1/20/2015,0,10
"Goeth, Amon",10228,Yes,No,74679,No,IT Support,MA,2135,11/24/1989,Male,Married,US Citizen,Yes,White,3/30/2015,,N/A-StillEmployed,Active,IT/IS,Peter Monroe,LinkedIn,Fully Meets,4.3,5,7,1/10/2019,0,20
"Gold, Shenice  ",10243,No,No,53018,No,Production Technician I,MA,2451,6/18/1992,Female,Single,US Citizen,Yes,White,11/11/2013,,N/A-StillEmployed,Active,Production,Ketsia Liebig,Indeed,Fully Meets,4.3,5,0,2/18/2019,0,7
"Gonzalez, Cayo",10031,No,Yes,59892,No,Production Technician I,MA,2108,9/29/1969,Male,Divorced,US Citizen,No,Black or African American,7/11/2011,,N/A-StillEmployed,Active,Production,Brannon Miller,Diversity Job Fair,Exceeds,4.5,4,0,2/18/2019,0,1
"Gonzalez, Juan",10300,Yes,Yes,68898,Yes,Production Technician II,MA,2128,10/12/1964,Male,Married,US Citizen,No,Black or African American,4/26/2010,5/30/2011,career change,Voluntarily Terminated,Production,Brannon Miller,Diversity Job Fair,PIP,3,3,0,3/6/2011,3,10
"Gonzalez, Maria",10101,No,No,61242,No,IT Support,MA,2472,4/16/1981,Female,Separated,US Citizen,Yes,White,1/5/2015,,N/A-StillEmployed,Active,IT/IS,Peter Monroe,Employee Referral,Fully Meets,4.61,4,5,1/28/2019,0,11
"Good, Susan",10237,Yes,No,66825,No,Production Technician II,MA,1886,5/25/1986,Female,Married,US Citizen,No,White,5/12/2014,,N/A-StillEmployed,Active,Production,David Stanley,LinkedIn,Fully Meets,4.6,3,0,2/7/2019,0,20
"Gordon, David",10051,Yes,No,48285,No,Production Technician I,MA,2169,5/21/1979,Male,Married,US Citizen,No,White,7/2/2012,,N/A-StillEmployed,Active,Production,David Stanley,LinkedIn,Fully Meets,5,3,0,1/14/2019,0,2
"Gosciminski, Phylicia  ",10218,No,No,66149,No,Production Technician II,MA,1824,12/8/1983,Female,Separated,US Citizen,No,American Indian or Alaska Native,9/30/2013,,N/A-StillEmployed,Active,Production,Kissy Sullivan,Google Search,Fully Meets,4.4,5,0,2/21/2019,0,1
"Goyal, Roxana",10256,Yes,No,49256,No,Production Technician I,MA,1864,10/9/1974,Female,Married,US Citizen,No,Asian,8/19/2013,,N/A-StillEmployed,Active,Production,Kissy Sullivan,LinkedIn,Fully Meets,4.1,5,0,2/15/2019,0,3
"Gray, Elijiah  ",10098,No,No,62957,No,Production Manager,MA,1752,7/11/1981,Male,Divorced,US Citizen,No,White,6/2/2015,,N/A-StillEmployed,Active,Production,Janet King,Employee Referral,Fully Meets,4.63,3,0,1/4/2019,0,2
"Gross, Paula",10059,No,No,63813,Yes,Production Technician I,MA,2176,5/21/1983,Female,Divorced,US Citizen,No,White,2/21/2011,1/11/2014,more money,Voluntarily Terminated,Production,Kelley Spirea,CareerBuilder,Fully Meets,5,5,0,6/3/2013,0,17
"Gruber, Hans",10234,Yes,No,99020,No,BI Developer,MA,2134,6/30/1989,Male,Married,US Citizen,No,Black or African American,4/20/2017,,N/A-StillEmployed,Active,IT/IS,Brian Champaigne,Indeed,Fully Meets,4.2,5,5,1/28/2019,0,8
"Guilianno, Mike",10109,No,No,71707,Yes,Area Sales Manager,TN,37129,2/9/1969,Male,Single,US Citizen,No,Two or more races,3/7/2012,10/31/2014,relocation out of area,Voluntarily Terminated,Sales,John Smith,LinkedIn,Fully Meets,4.5,5,0,2/1/2013,0,20
"Handschiegl, Joanne",10125,Yes,No,54828,No,Production Technician I,MA,2127,3/23/1977,Female,Married,US Citizen,No,White,11/28/2011,,N/A-StillEmployed,Active,Production,Michael Albert,Google Search,Fully Meets,4.2,4,0,2/22/2019,0,13
"Hankard, Earnest",10074,No,No,64246,No,Production Technician II,MA,2155,8/10/1988,Male,Single,US Citizen,Yes,White,11/11/2013,,N/A-StillEmployed,Active,Production,Kelley Spirea,LinkedIn,Fully Meets,5,3,0,1/8/2019,0,20
"Harrington, Christie ",10097,No,No,52177,Yes,Production Technician I,MA,2324,8/18/1952,Female,Single,US Citizen,No,White,1/9/2012,12/15/2015,retiring,Voluntarily Terminated,Production,Webster Butler,CareerBuilder,Fully Meets,4.64,4,0,5/2/2015,0,8
"Harrison, Kara",10007,Yes,No,62065,No,Production Technician I,MA,1886,5/2/1974,Female,Married,US Citizen,No,White,5/12/2014,,N/A-StillEmployed,Active,Production,Amy Dunn,CareerBuilder,Exceeds,4.76,4,0,2/15/2019,0,5
"Heitzman, Anthony",10129,No,No,46998,No,Production Technician I,MA,2149,1/4/1984,Male,Single,US Citizen,No,White,8/13/2012,,N/A-StillEmployed,Active,Production,Ketsia Liebig,Google Search,Fully Meets,4.17,4,0,2/11/2019,0,1
"Hendrickson, Trina",10075,No,No,68099,Yes,Production Technician II,MA,2021,8/27/1972,Female,Single,US Citizen,No,White,1/10/2011,6/18/2013,hours,Voluntarily Terminated,Production,Kelley Spirea,CareerBuilder,Fully Meets,5,3,0,1/30/2013,0,15
"Hitchcock, Alfred",10167,Yes,No,70545,No,Area Sales Manager,NH,3062,9/14/1988,Male,Married,US Citizen,No,American Indian or Alaska Native,8/18/2014,,N/A-StillEmployed,Active,Sales,John Smith,Indeed,Fully Meets,3.6,5,0,1/30/2019,0,9
"Homberger, Adrienne  J",10195,Yes,No,63478,Yes,Production Technician II,MA,2445,2/16/1984,Female,Married,Non-Citizen,No,White,8/15/2011,4/7/2012,relocation out of area,Voluntarily Terminated,Production,Michael Albert,Indeed,Fully Meets,3.03,5,0,3/5/2012,0,16
"Horton, Jayne",10112,No,No,97999,No,Database Administrator,MA,2493,2/21/1984,Female,Single,US Citizen,No,White,3/30/2015,,N/A-StillEmployed,Active,IT/IS,Simon Roup,Indeed,Fully Meets,4.48,5,6,1/3/2019,0,4
"Houlihan, Debra",10272,Yes,No,180000,No,Director of Sales,RI,2908,3/17/1966,Female,Married,US Citizen,No,White,5/5/2014,,N/A-StillEmployed,Active,Sales,Janet King,LinkedIn,Fully Meets,4.5,4,0,1/21/2019,0,19
"Howard, Estelle",10182,Yes,No,49920,Yes,Administrative Assistant,MA,2170,9/16/1985,Female,Married,US Citizen,No,Black or African American,2/16/2015,4/15/2015,"no-call, no-show",Terminated for Cause,Admin Offices,Brandon R. LeBlanc,Indeed,Fully Meets,3.24,3,4,4/15/2015,0,6
"Hudson, Jane",10248,No,No,55425,No,Production Technician I,MA,2176,6/10/1986,Female,Single,US Citizen,No,White,2/20/2012,,N/A-StillEmployed,Active,Production,Ketsia Liebig,LinkedIn,Fully Meets,4.8,4,0,1/7/2019,0,4
"Hunts, Julissa",10201,No,No,69340,No,Production Technician II,MA,2021,3/11/1984,Female,Single,US Citizen,No,White,6/6/2016,,N/A-StillEmployed,Active,Production,Elijiah Gray,LinkedIn,Fully Meets,3,5,0,1/18/2019,0,4
"Hutter, Rosalie",10214,No,No,64995,No,Production Technician II,MA,2351,5/7/1992,Female,Separated,US Citizen,No,White,6/5/2015,,N/A-StillEmployed,Active,Production,Webster Butler,Indeed,Fully Meets,4.5,3,0,2/14/2019,0,6
"Huynh, Ming",10160,No,No,68182,Yes,Production Technician II,MA,1742,9/22/1976,Female,Divorced,US Citizen,No,White,2/21/2011,4/1/2013,unhappy,Voluntarily Terminated,Production,Amy Dunn,Google Search,Fully Meets,3.72,3,0,2/1/2013,0,18
"Immediato, Walter",10289,Yes,No,83082,Yes,Production Manager,MA,2128,11/15/1976,Male,Married,US Citizen,No,Asian,2/21/2011,9/24/2012,unhappy,Voluntarily Terminated,Production,Janet King,Indeed,Needs Improvement,2.34,2,0,4/12/2012,3,4
"Ivey, Rose ",10139,No,No,51908,No,Production Technician I,MA,1775,1/28/1991,Female,Single,US Citizen,No,White,8/19/2013,,N/A-StillEmployed,Active,Production,Brannon Miller,Indeed,Fully Meets,3.99,3,0,1/14/2019,0,14
"Jackson, Maryellen",10227,No,No,61242,No,Production Technician I,MA,2081,9/11/1972,Female,Single,US Citizen,No,Black or African American,11/5/2012,,N/A-StillEmployed,Active,Production,David Stanley,LinkedIn,Fully Meets,4.1,3,0,1/17/2019,0,7
"Jacobi, Hannah  ",10236,No,No,45069,No,Production Technician I,MA,1778,3/22/1966,Female,Divorced,US Citizen,No,White,9/30/2013,,N/A-StillEmployed,Active,Production,Kissy Sullivan,Employee Referral,Fully Meets,4.3,5,0,2/22/2019,0,7
"Jeannite, Tayana",10009,No,No,60724,No,Production Technician II,MA,1821,11/6/1986,Female,Divorced,US Citizen,No,American Indian or Alaska Native,7/5/2011,,N/A-StillEmployed,Active,Production,Ketsia Liebig,LinkedIn,Exceeds,4.6,4,0,2/25/2019,0,11
"Jhaveri, Sneha  ",10060,No,No,60436,No,Production Technician I,MA,2109,4/13/1964,Female,Separated,US Citizen,No,White,1/6/2014,,N/A-StillEmployed,Active,Production,Kelley Spirea,LinkedIn,Fully Meets,5,5,0,1/21/2019,0,9
"Johnson, George",10034,Yes,No,46837,Yes,Production Technician I,MA,2445,8/19/1959,Male,Married,US Citizen,No,White,11/7/2011,4/29/2018,more money,Voluntarily Terminated,Production,Michael Albert,CareerBuilder,Exceeds,4.7,4,0,2/14/2018,0,9
"Johnson, Noelle ",10156,Yes,No,105700,No,Database Administrator,MA,2301,11/7/1986,Female,Married,US Citizen,No,Asian,1/5/2015,,N/A-StillEmployed,Active,IT/IS,Simon Roup,Indeed,Fully Meets,3.75,3,5,2/11/2019,0,2
"Johnston, Yen",10036,No,No,63322,No,Production Technician II,MA,2128,9/8/1969,Female,Single,US Citizen,No,White,7/7/2014,,N/A-StillEmployed,Active,Production,Brannon Miller,LinkedIn,Exceeds,4.3,3,0,1/11/2019,0,1
"Jung, Judy  ",10138,Yes,No,61154,Yes,Production Technician I,MA,2446,4/17/1986,Female,Married,US Citizen,No,Black or African American,1/10/2011,4/1/2016,unhappy,Voluntarily Terminated,Production,Elijiah Gray,CareerBuilder,Fully Meets,4,4,0,2/3/2016,0,4
"Kampew, Donysha",10244,No,No,68999,Yes,Sales Manager,PA,19444,11/11/1989,Female,Single,US Citizen,No,White,11/7/2011,4/24/2014,maternity leave - did not return,Voluntarily Terminated,Sales,Debra Houlihan,Google Search,Fully Meets,4.5,5,0,3/30/2013,0,2
"Keatts, Kramer ",10192,No,No,50482,No,Production Technician I,MA,1887,1/19/1976,Male,Single,US Citizen,No,White,9/30/2013,,N/A-StillEmployed,Active,Production,Michael Albert,Indeed,Fully Meets,3.07,4,0,1/23/2019,0,10
"Khemmich, Bartholemew",10231,No,No,65310,No,Area Sales Manager,CO,80820,11/27/1979,Male,Single,US Citizen,No,White,8/19/2013,,N/A-StillEmployed,Active,Sales,Lynn Daneault,Indeed,Fully Meets,4.3,5,0,1/22/2019,0,13
"King, Janet",10089,Yes,No,250000,No,President & CEO,MA,1902,9/21/1954,Female,Married,US Citizen,Yes,White,7/2/2012,,N/A-StillEmployed,Active,Executive Office,Board of Directors,Indeed,Fully Meets,4.83,3,0,1/17/2019,0,10
"Kinsella, Kathleen  ",10166,Yes,No,54005,Yes,Production Technician I,MA,2170,12/8/1973,Female,Married,US Citizen,No,White,9/26/2011,6/4/2015,more money,Voluntarily Terminated,Production,Webster Butler,Google Search,Fully Meets,3.6,5,0,3/1/2015,0,16
"Kirill, Alexandra  ",10170,Yes,No,45433,Yes,Production Technician I,MA,2127,10/8/1970,Female,Married,US Citizen,No,White,9/26/2011,1/9/2014,more money,Voluntarily Terminated,Production,Amy Dunn,Google Search,Fully Meets,3.49,4,0,1/30/2013,0,6
"Knapp, Bradley  J",10208,No,No,46654,No,Production Technician I,MA,1721,11/10/1977,Male,Single,US Citizen,No,Black or African American,2/17/2014,,N/A-StillEmployed,Active,Production,Ketsia Liebig,LinkedIn,Fully Meets,3.1,3,0,2/6/2019,0,3
"Kretschmer, John",10176,Yes,No,63973,No,Production Technician I,MA,1801,2/2/1980,Male,Married,US Citizen,No,Asian,1/10/2011,,N/A-StillEmployed,Active,Production,Brannon Miller,Indeed,Fully Meets,3.38,3,0,1/21/2019,0,17
"Kreuger, Freddy",10165,No,Yes,71339,No,Area Sales Manager,NY,10171,2/24/1969,Male,Single,US Citizen,Yes,Black or African American,3/7/2011,,N/A-StillEmployed,Active,Sales,John Smith,Diversity Job Fair,Fully Meets,3.65,5,0,1/17/2019,0,20
"Lajiri,  Jyoti",10113,Yes,No,93206,No,Sr. Network Engineer,MA,2169,4/23/1986,Male,Married,US Citizen,No,White,11/10/2014,,N/A-StillEmployed,Active,IT/IS,Peter Monroe,Employee Referral,Fully Meets,4.46,5,6,1/7/2019,0,7
"Landa, Hans",10092,Yes,No,82758,Yes,Production Manager,MA,1890,7/1/1972,Male,Married,US Citizen,No,White,1/10/2011,12/12/2015,attendance,Terminated for Cause,Production,Janet King,Employee Referral,Fully Meets,4.78,4,0,2/15/2015,0,9
"Langford, Lindsey",10106,No,No,66074,Yes,Production Technician II,MA,2090,7/25/1979,Female,Divorced,US Citizen,No,Asian,1/7/2013,3/31/2014,Another position,Voluntarily Terminated,Production,David Stanley,Indeed,Fully Meets,4.52,3,0,2/20/2014,0,20
"Langton, Enrico",10052,Yes,No,46120,No,Production Technician I,MA,2048,12/9/1986,Male,Married,US Citizen,No,White,7/9/2012,,N/A-StillEmployed,Active,Production,David Stanley,LinkedIn,Fully Meets,5,5,0,2/4/2019,0,13
"LaRotonda, William  ",10038,No,No,64520,No,Accountant I,MA,1460,4/26/1984,Male,Divorced,US Citizen,No,Black or African American,1/6/2014,,N/A-StillEmployed,Active,Admin Offices,Brandon R. LeBlanc,Website,Fully Meets,5,4,4,1/17/2019,0,3
"Latif, Mohammed",10249,Yes,No,61962,Yes,Production Technician II,MA,2126,5/9/1984,Male,Married,US Citizen,No,White,4/2/2012,4/15/2013,more money,Voluntarily Terminated,Production,Kissy Sullivan,Google Search,Fully Meets,4.9,3,0,2/20/2013,0,20
"Le, Binh",10232,No,No,81584,No,Senior BI Developer,MA,1886,6/14/1987,Female,Single,US Citizen,No,Asian,10/2/2016,,N/A-StillEmployed,Active,IT/IS,Brian Champaigne,Indeed,Fully Meets,4.1,5,7,1/8/2019,0,2
"Leach, Dallas",10087,No,No,63676,Yes,Production Technician I,MA,1810,1/17/1979,Female,Single,US Citizen,No,Asian,9/26/2011,8/19/2018,return to school,Voluntarily Terminated,Production,Kissy Sullivan,CareerBuilder,Fully Meets,4.88,3,0,7/2/2017,0,17
"LeBlanc, Brandon  R",10134,Yes,No,93046,No,Shared Services Manager,MA,1460,6/10/1984,Male,Married,US Citizen,No,White,1/5/2016,,N/A-StillEmployed,Active,Admin Offices,Janet King,CareerBuilder,Fully Meets,4.1,4,0,1/28/2019,0,20
"Lecter, Hannibal",10251,Yes,No,64738,No,Production Technician I,MA,1776,9/2/1982,Male,Married,US Citizen,No,Asian,5/14/2012,,N/A-StillEmployed,Active,Production,Elijiah Gray,Google Search,Fully Meets,4.1,3,0,2/22/2019,0,10
"Leruth, Giovanni",10103,No,No,70468,No,Area Sales Manager,UT,84111,12/27/1988,Male,Separated,US Citizen,No,Black or African American,4/30/2012,,N/A-StillEmployed,Active,Sales,John Smith,Website,Fully Meets,4.53,3,0,1/29/2019,0,16
"Liebig, Ketsia",10017,Yes,No,77915,No,Production Manager,MA,2110,10/26/1981,Female,Married,US Citizen,No,White,9/30/2013,,N/A-StillEmployed,Active,Production,Janet King,Website,Exceeds,4.1,3,0,1/21/2019,0,11
"Linares, Marilyn ",10186,Yes,No,52624,Yes,Production Technician I,MA,1886,3/26/1981,Female,Married,US Citizen,No,White,7/5/2011,9/26/2018,unhappy,Voluntarily Terminated,Production,Michael Albert,Indeed,Fully Meets,3.18,4,0,3/2/2018,0,16
"Linden, Mathew",10137,Yes,No,63450,No,Production Technician II,MA,1770,3/19/1979,Male,Married,US Citizen,No,White,7/8/2013,,N/A-StillEmployed,Active,Production,Kelley Spirea,LinkedIn,Fully Meets,4,3,0,2/18/2019,0,7
"Lindsay, Leonara ",10008,No,Yes,51777,No,IT Support,CT,6070,10/5/1988,Female,Single,US Citizen,Yes,Black or African American,1/21/2011,,N/A-StillEmployed,Active,IT/IS,Eric Dougall,Diversity Job Fair,Exceeds,4.64,4,5,1/25/2019,0,14
"Lundy, Susan",10096,No,No,67237,Yes,Production Technician II,MA,2122,12/26/1976,Female,Widowed,US Citizen,No,White,7/8/2013,9/15/2016,more money,Voluntarily Terminated,Production,Michael Albert,LinkedIn,Fully Meets,4.65,4,0,6/10/2016,0,15
"Lunquist, Lisa",10035,No,No,73330,No,Production Technician II,MA,2324,3/28/1982,Female,Single,US Citizen,No,Black or African American,8/19/2013,,N/A-StillEmployed,Active,Production,Elijiah Gray,Indeed,Exceeds,4.2,4,0,2/12/2019,0,19
"Lydon, Allison",10057,Yes,No,52057,No,Production Technician I,MA,2122,10/22/1975,Female,Married,US Citizen,No,Black or African American,2/16/2015,,N/A-StillEmployed,Active,Production,Elijiah Gray,Website,Fully Meets,5,3,0,1/23/2019,0,6
"Lynch, Lindsay",10004,No,Yes,47434,Yes,Production Technician I,MA,1844,2/14/1973,Female,Single,US Citizen,Yes,Black or African American,11/7/2011,11/14/2015,Another position,Voluntarily Terminated,Production,Webster Butler,Diversity Job Fair,Exceeds,5,4,0,2/2/2015,0,17
"MacLennan, Samuel",10191,No,No,52788,Yes,Production Technician I,MA,1938,11/9/1972,Male,Widowed,US Citizen,No,White,9/24/2012,9/26/2017,hours,Voluntarily Terminated,Production,Amy Dunn,Indeed,Fully Meets,3.08,4,0,4/1/2017,0,18
"Mahoney, Lauren  ",10219,No,No,45395,No,Production Technician I,MA,2189,7/7/1986,Female,Single,US Citizen,No,White,1/6/2014,,N/A-StillEmployed,Active,Production,Ketsia Liebig,LinkedIn,Fully Meets,4.6,4,0,2/26/2019,0,14
"Manchester, Robyn",10077,Yes,No,62385,No,Production Technician II,MA,2324,8/25/1976,Female,Married,US Citizen,No,White,5/11/2016,,N/A-StillEmployed,Active,Production,Webster Butler,LinkedIn,Fully Meets,5,3,0,1/21/2019,0,4
"Mancuso, Karen",10073,Yes,No,68407,Yes,Production Technician II,MA,2176,12/10/1986,Female,Married,US Citizen,No,Two or more races,7/5/2011,8/19/2012,Another position,Voluntarily Terminated,Production,Amy Dunn,LinkedIn,Fully Meets,5,4,0,7/2/2012,0,16
"Mangal, Debbie",10279,Yes,No,61349,No,Production Technician I,MA,2451,11/7/1974,Female,Married,US Citizen,No,White,11/11/2013,,N/A-StillEmployed,Active,Production,Brannon Miller,LinkedIn,Fully Meets,4.1,3,0,1/22/2019,0,11
"Martin, Sandra",10110,No,No,105688,No,Software Engineer,MA,2135,11/7/1987,Female,Single,US Citizen,No,Asian,11/11/2013,,N/A-StillEmployed,Active,Software Engineering,Alex Sweetwater,Google Search,Fully Meets,4.5,5,4,1/14/2019,0,14
"Maurice, Shana",10053,Yes,No,54132,No,Production Technician I,MA,2330,11/22/1977,Female,Married,US Citizen,No,White,5/31/2011,,N/A-StillEmployed,Active,Production,David Stanley,Indeed,Fully Meets,5,4,0,1/10/2019,0,8
"Carthy, B'rigit",10076,No,No,55315,No,Production Technician II,MA,2149,5/21/1987,Female,Single,US Citizen,No,Black or African American,3/30/2015,,N/A-StillEmployed,Active,Production,Ketsia Liebig,LinkedIn,Fully Meets,5,5,0,2/7/2019,0,16
"Mckenna, Sandy",10145,Yes,No,62810,No,Production Technician I,MA,2184,1/7/1987,Female,Married,US Citizen,No,Black or African American,1/7/2013,,N/A-StillEmployed,Active,Production,Kissy Sullivan,CareerBuilder,Fully Meets,3.93,3,0,1/30/2019,0,20
"McKinzie, Jac",10202,Yes,No,63291,No,Area Sales Manager,TX,78789,7/1/1984,Male,Married,US Citizen,No,Two or more races,7/6/2016,,N/A-StillEmployed,Active,Sales,Lynn Daneault,Website,Fully Meets,3.4,4,0,1/29/2019,0,7
"Meads, Elizabeth",10128,No,Yes,62659,Yes,Production Technician I,MA,1760,5/30/1968,Female,Single,US Citizen,No,Black or African American,4/2/2012,11/11/2016,Another position,Voluntarily Terminated,Production,Kelley Spirea,Diversity Job Fair,Fully Meets,4.18,4,0,2/5/2016,0,17
"Medeiros, Jennifer",10068,No,No,55688,No,Production Technician I,MA,2346,9/22/1976,Female,Single,US Citizen,No,White,3/30/2015,,N/A-StillEmployed,Active,Production,Michael Albert,CareerBuilder,Fully Meets,5,4,0,1/21/2019,0,10
"Miller, Brannon",10116,No,No,83667,No,Production Manager,MA,2045,8/10/1981,Male,Single,US Citizen,Yes,Hispanic,8/16/2012,,N/A-StillEmployed,Active,Production,Janet King,Indeed,Fully Meets,4.37,3,0,1/14/2019,0,2
"Miller, Ned",10298,No,No,55800,Yes,Production Technician II,MA,2472,6/29/1985,Male,Single,US Citizen,No,White,8/15/2011,9/4/2014,unhappy,Voluntarily Terminated,Production,Brannon Miller,LinkedIn,PIP,3,2,0,1/14/2013,6,6
"Monkfish, Erasumus",10213,Yes,No,58207,No,Production Technician II,MA,1450,8/17/1992,Male,Married,US Citizen,No,White,11/7/2011,,N/A-StillEmployed,Active,Production,David Stanley,LinkedIn,Fully Meets,3.7,3,0,1/8/2019,0,14
"Monroe, Peter",10288,Yes,Yes,157000,No,IT Manager - Infra,MA,2134,10/5/1986,Male,Married,Eligible NonCitizen,Yes,Black or African American,2/15/2012,,N/A-StillEmployed,Active,IT/IS,Jennifer Zamora,Diversity Job Fair,Needs Improvement,2.39,3,6,2/22/2019,4,13
"Monterro, Luisa",10025,No,No,72460,No,Production Technician II,MA,2126,4/24/1970,Female,Single,US Citizen,No,Black or African American,5/13/2013,,N/A-StillEmployed,Active,Production,Kissy Sullivan,Indeed,Exceeds,4.7,3,0,1/14/2019,0,1
"Moran, Patrick",10223,No,Yes,72106,No,Production Technician II,MA,2127,12/3/1976,Male,Single,US Citizen,No,Black or African American,1/9/2012,,N/A-StillEmployed,Active,Production,Kelley Spirea,Diversity Job Fair,Fully Meets,4.1,4,0,1/31/2019,0,12
"Morway, Tanya",10151,Yes,No,52599,No,Network Engineer,MA,2048,4/4/1979,Female,Married,US Citizen,No,White,2/16/2015,,N/A-StillEmployed,Active,IT/IS,Peter Monroe,CareerBuilder,Fully Meets,3.81,3,6,2/11/2019,0,6
"Motlagh,  Dawn",10254,No,No,63430,No,Production Technician I,MA,2453,7/7/1984,Female,Divorced,US Citizen,No,White,4/1/2013,,N/A-StillEmployed,Active,Production,Elijiah Gray,LinkedIn,Fully Meets,4.4,4,0,1/17/2019,0,18
"Moumanil, Maliki ",10120,No,No,74417,No,Production Technician II,MA,1460,12/1/1974,Male,Separated,US Citizen,No,Black or African American,5/13/2013,,N/A-StillEmployed,Active,Production,Michael Albert,LinkedIn,Fully Meets,4.29,5,0,1/28/2019,0,11
"Myers, Michael",10216,No,No,57575,No,Production Technician I,MA,1550,4/18/1980,Male,Single,US Citizen,No,Asian,7/8/2013,,N/A-StillEmployed,Active,Production,Kissy Sullivan,LinkedIn,Fully Meets,4.1,4,0,1/22/2019,0,13
"Navathe, Kurt",10079,No,No,87921,No,Senior BI Developer,MA,2056,4/25/1970,Male,Single,US Citizen,No,Asian,2/10/2017,,N/A-StillEmployed,Active,IT/IS,Brian Champaigne,Indeed,Fully Meets,5,3,6,2/25/2019,0,17
"Ndzi, Colombui",10215,No,Yes,50470,Yes,Production Technician I,MA,2110,5/2/1989,Male,Single,US Citizen,No,Black or African American,9/26/2011,4/4/2014,return to school,Voluntarily Terminated,Production,Webster Butler,Diversity Job Fair,Fully Meets,4.3,3,0,3/2/2013,0,19
"Ndzi, Horia",10185,Yes,No,46664,Yes,Production Technician I,MA,2421,3/28/1983,Male,Married,US Citizen,No,White,4/1/2013,5/25/2016,more money,Voluntarily Terminated,Production,Amy Dunn,Employee Referral,Fully Meets,3.18,3,0,3/6/2016,0,10
"Newman, Richard ",10063,Yes,No,48495,No,Production Technician I,MA,2136,4/8/1977,Male,Married,US Citizen,No,White,5/12/2014,,N/A-StillEmployed,Active,Production,Ketsia Liebig,LinkedIn,Fully Meets,5,5,0,2/18/2019,0,11
"Ngodup, Shari ",10037,No,Yes,52984,No,Production Technician I,MA,1810,6/3/1967,Female,Separated,US Citizen,No,Black or African American,4/1/2013,,N/A-StillEmployed,Active,Production,Brannon Miller,Diversity Job Fair,Exceeds,4,3,0,2/13/2019,0,12
"Nguyen, Dheepa",10042,No,No,63695,No,Area Sales Manager,GA,30428,3/31/1989,Female,Single,US Citizen,No,Two or more races,7/8/2013,,N/A-StillEmployed,Active,Sales,Lynn Daneault,Indeed,Fully Meets,5,5,0,1/25/2019,0,2
"Nguyen, Lei-Ming",10206,No,No,62061,No,Production Technician I,MA,2132,7/7/1984,Female,Single,US Citizen,No,White,7/8/2013,,N/A-StillEmployed,Active,Production,David Stanley,LinkedIn,Fully Meets,3.6,5,0,1/2/2019,0,4
"Nowlan, Kristie",10104,No,No,66738,No,Production Technician II,MA,1040,11/23/1985,Female,Single,US Citizen,No,White,11/10/2014,,N/A-StillEmployed,Active,Production,Elijiah Gray,Indeed,Fully Meets,4.53,5,0,1/16/2019,0,5
"O'hare, Lynn",10303,No,No,52674,Yes,Production Technician I,MA,2152,9/30/1980,Female,Single,US Citizen,No,Two or more races,3/31/2014,5/1/2018,performance,Terminated for Cause,Production,Kissy Sullivan,LinkedIn,PIP,2.33,2,0,3/9/2018,6,3
"Oliver, Brooke ",10078,Yes,No,71966,Yes,Production Technician II,MA,2492,2/11/1952,Female,Married,US Citizen,No,Asian,5/14/2012,8/19/2013,unhappy,Voluntarily Terminated,Production,Webster Butler,LinkedIn,Fully Meets,5,3,0,7/2/2013,0,17
"Onque, Jasmine",10121,No,No,63051,No,Area Sales Manager,FL,33174,5/11/1990,Female,Single,US Citizen,Yes,White,9/30/2013,,N/A-StillEmployed,Active,Sales,Lynn Daneault,Indeed,Fully Meets,4.28,3,0,1/25/2019,0,1
"Osturnka, Adeel",10021,Yes,No,47414,No,Production Technician I,MA,2478,12/11/1976,Male,Married,US Citizen,No,White,9/30/2013,,N/A-StillEmployed,Active,Production,Kelley Spirea,LinkedIn,Exceeds,5,3,0,2/7/2019,0,13
"Owad, Clinton",10281,No,No,53060,No,Production Technician I,MA,1760,11/24/1979,Male,Single,US Citizen,No,Black or African American,2/17/2014,,N/A-StillEmployed,Active,Production,Michael Albert,LinkedIn,Needs Improvement,4.25,3,0,2/4/2019,4,6
"Ozark, Travis",10041,No,No,68829,No,Area Sales Manager,NC,27229,5/19/1982,Male,Single,US Citizen,No,White,1/5/2015,,N/A-StillEmployed,Active,Sales,John Smith,Website,Fully Meets,5,5,0,1/14/2019,0,18
"Panjwani, Nina",10148,Yes,No,63515,Yes,Production Technician I,MA,2351,5/1/1979,Female,Married,US Citizen,No,White,2/7/2011,1/12/2014,Another position,Voluntarily Terminated,Production,Elijiah Gray,Google Search,Fully Meets,3.89,4,0,3/4/2013,0,7
"Patronick, Lucas",10005,No,Yes,108987,Yes,Software Engineer,MA,1844,2/20/1979,Male,Single,US Citizen,No,Black or African American,11/7/2011,9/7/2015,Another position,Voluntarily Terminated,Software Engineering,Alex Sweetwater,Diversity Job Fair,Exceeds,5,5,3,8/16/2015,0,13
"Pearson, Randall",10259,Yes,No,93093,Yes,Data Analyst,MA,2747,9/5/1984,Male,Married,US Citizen,No,White,12/1/2014,5/1/2016,performance,Voluntarily Terminated,IT/IS,Simon Roup,Employee Referral,Fully Meets,4.7,4,5,1/16/2016,0,19
"Smith, Martin",10286,No,No,53564,Yes,Production Technician I,MA,2458,3/17/1988,Male,Single,US Citizen,No,Black or African American,1/10/2011,12/28/2017,career change,Voluntarily Terminated,Production,Webster Butler,Google Search,Needs Improvement,3.54,5,0,4/6/2017,4,15
"Pelletier, Ermine",10297,Yes,No,60270,Yes,Production Technician II,MA,2472,7/18/1989,Female,Married,US Citizen,No,Asian,7/5/2011,9/15/2015,unhappy,Voluntarily Terminated,Production,Amy Dunn,CareerBuilder,Needs Improvement,2.4,5,0,2/6/2015,5,2
"Perry, Shakira",10171,No,No,45998,Yes,Production Technician I,MA,2176,7/20/1986,Female,Single,US Citizen,No,White,5/16/2011,10/25/2015,medical issues,Voluntarily Terminated,Production,Amy Dunn,LinkedIn,Fully Meets,3.45,4,0,5/13/2014,0,5
"Peters, Lauren",10032,Yes,No,57954,Yes,Production Technician II,MA,1886,8/17/1986,Female,Married,US Citizen,No,White,5/16/2011,2/4/2013,more money,Voluntarily Terminated,Production,Ketsia Liebig,Indeed,Exceeds,4.2,5,0,1/10/2013,0,12
"Peterson, Ebonee  ",10130,Yes,No,74669,Yes,Production Manager,MA,2030,5/9/1977,Female,Married,US Citizen,No,White,10/25/2010,5/18/2016,Another position,Voluntarily Terminated,Production,Janet King,Indeed,Fully Meets,4.16,5,0,3/5/2015,0,6
"Petingill, Shana  ",10217,Yes,No,74226,No,Production Technician II,MA,2050,3/10/1979,Female,Married,Eligible NonCitizen,No,Asian,4/2/2012,,N/A-StillEmployed,Active,Production,Brannon Miller,LinkedIn,Fully Meets,4.3,3,0,1/14/2019,0,14
"Petrowsky, Thelma",10016,Yes,No,93554,No,Data Analyst,MA,1886,9/16/1984,Female,Married,US Citizen,No,Black or African American,11/10/2014,,N/A-StillEmployed,Active,IT/IS,Simon Roup,Employee Referral,Exceeds,4.6,5,7,1/4/2019,0,16
"Pham, Hong",10050,Yes,No,64724,Yes,Production Technician I,MA,2451,3/6/1988,Male,Married,US Citizen,No,Asian,7/5/2011,11/30/2012,more money,Voluntarily Terminated,Production,Brannon Miller,Google Search,Fully Meets,5,3,0,2/20/2012,0,13
"Pitt, Brad ",10164,No,No,47001,No,Production Technician I,MA,2451,11/23/1981,Male,Single,US Citizen,No,White,11/5/2007,,N/A-StillEmployed,Active,Production,David Stanley,Google Search,Fully Meets,3.66,3,0,2/25/2019,0,15
"Potts, Xana",10124,Yes,No,61844,No,Area Sales Manager,KY,40220,8/29/1988,Female,Married,US Citizen,No,Black or African American,1/9/2012,,N/A-StillEmployed,Active,Sales,Lynn Daneault,Website,Fully Meets,4.2,5,0,2/1/2019,0,9
"Power, Morissa",10187,No,No,46799,Yes,Production Technician I,MA,1742,10/15/1984,Female,Divorced,Eligible NonCitizen,No,Asian,5/16/2011,6/4/2018,Another position,Voluntarily Terminated,Production,Kissy Sullivan,Google Search,Fully Meets,3.17,4,0,4/2/2018,0,14
"Punjabhi, Louis  ",10225,No,No,59472,No,Production Technician I,MA,2109,6/19/1961,Male,Single,US Citizen,No,White,1/6/2014,,N/A-StillEmployed,Active,Production,Kelley Spirea,Employee Referral,Fully Meets,4.8,3,0,1/7/2019,0,14
"Purinton, Janine",10262,No,No,46430,Yes,Production Technician I,MA,2474,9/22/1970,Female,Divorced,US Citizen,No,White,9/24/2012,6/18/2013,unhappy,Voluntarily Terminated,Production,Kissy Sullivan,Indeed,Fully Meets,4.5,5,0,4/2/2013,0,16
"Quinn, Sean",10131,Yes,Yes,83363,Yes,Software Engineer,MA,2045,11/6/1984,Male,Married,Eligible NonCitizen,No,Black or African American,2/21/2011,8/15/2015,career change,Voluntarily Terminated,Software Engineering,Janet King,Diversity Job Fair,Fully Meets,4.15,4,0,4/19/2014,0,4
"Rachael, Maggie",10239,Yes,No,95920,No,BI Developer,MA,2110,5/12/1980,Female,Married,US Citizen,No,Black or African American,10/2/2016,,N/A-StillEmployed,Active,IT/IS,Brian Champaigne,Indeed,Fully Meets,4.4,4,6,2/6/2019,0,10
"Rarrick, Quinn",10152,No,No,61729,Yes,Production Technician I,MA,2478,12/31/1984,Male,Divorced,US Citizen,No,White,9/26/2011,4/7/2018,more money,Voluntarily Terminated,Production,Michael Albert,Indeed,Fully Meets,3.8,5,0,2/4/2018,0,19
"Ren, Kylo",10140,Yes,No,61809,No,Area Sales Manager,ID,83706,10/12/1954,Male,Married,US Citizen,No,White,5/12/2014,,N/A-StillEmployed,Active,Sales,John Smith,CareerBuilder,Fully Meets,3.98,3,0,1/28/2019,0,4
"Rhoads, Thomas",10058,No,No,45115,Yes,Production Technician I,MA,2176,7/22/1982,Male,Divorced,US Citizen,Yes,White,5/16/2011,1/15/2016,retiring,Voluntarily Terminated,Production,Elijiah Gray,LinkedIn,Fully Meets,5,4,0,3/30/2015,0,11
"Rivera, Haley  ",10011,Yes,No,46738,No,Production Technician I,MA,2171,1/12/1973,Female,Married,US Citizen,No,Asian,11/28/2011,,N/A-StillEmployed,Active,Production,Webster Butler,Google Search,Exceeds,4.36,5,0,2/11/2019,0,16
"Roberson, May",10230,No,No,64971,Yes,Production Technician II,MA,1902,9/5/1981,Female,Divorced,Eligible NonCitizen,No,Black or African American,9/26/2011,10/22/2011,return to school,Voluntarily Terminated,Production,David Stanley,Google Search,Fully Meets,4.5,4,0,10/22/2011,0,10
"Robertson, Peter",10224,Yes,No,55578,Yes,Production Technician II,MA,2138,7/3/1972,Male,Married,US Citizen,No,White,7/5/2011,2/8/2012,Another position,Voluntarily Terminated,Production,Kissy Sullivan,Indeed,Fully Meets,4.2,5,0,1/6/2012,0,13
"Robinson, Alain  ",10047,Yes,No,50428,Yes,Production Technician I,MA,1420,1/7/1974,Male,Married,US Citizen,No,Black or African American,1/10/2011,1/26/2016,attendance,Voluntarily Terminated,Production,Amy Dunn,Indeed,Fully Meets,5,3,0,1/10/2015,0,11
"Robinson, Cherly",10285,Yes,No,61422,Yes,Production Technician I,MA,1460,1/7/1985,Female,Married,US Citizen,No,White,1/10/2011,5/17/2016,attendance,Terminated for Cause,Production,Ketsia Liebig,Indeed,Needs Improvement,3.6,3,0,4/5/2016,4,16
"Robinson, Elias",10020,No,No,63353,No,Production Technician I,MA,1730,1/28/1985,Male,Widowed,US Citizen,No,White,7/8/2013,,N/A-StillEmployed,Active,Production,Brannon Miller,Employee Referral,Exceeds,3.6,5,0,2/11/2019,0,4
"Roby, Lori ",10162,Yes,No,89883,No,Data Analyst,MA,1886,10/11/1981,Female,Married,US Citizen,No,White,2/16/2015,,N/A-StillEmployed,Active,IT/IS,Simon Roup,Employee Referral,Fully Meets,3.69,5,6,2/14/2019,0,15
"Roehrich, Bianca",10149,No,No,120000,Yes,Principal Data Architect,MA,2703,5/27/1973,Female,Single,US Citizen,Yes,White,1/5/2015,11/10/2018,Another position,Voluntarily Terminated,IT/IS,Simon Roup,LinkedIn,Fully Meets,3.88,3,7,2/13/2018,0,12
"Roper, Katie",10086,No,No,150290,No,Data Architect,MA,2056,11/21/1972,Female,Single,US Citizen,No,Black or African American,1/7/2017,,N/A-StillEmployed,Active,IT/IS,Brian Champaigne,Indeed,Fully Meets,4.94,3,5,2/6/2019,0,17
"Rose, Ashley  ",10054,No,No,60627,No,Production Technician I,MA,1886,12/5/1974,Female,Separated,US Citizen,No,White,1/6/2014,,N/A-StillEmployed,Active,Production,David Stanley,Website,Fully Meets,5,4,0,1/31/2019,0,8
"Rossetti, Bruno",10065,No,No,53180,Yes,Production Technician I,MA,2155,3/18/1987,Male,Single,US Citizen,No,White,4/4/2011,8/13/2018,Another position,Voluntarily Terminated,Production,Kissy Sullivan,Google Search,Fully Meets,5,5,0,7/2/2018,0,4
"Roup,Simon",10198,No,No,140920,No,IT Manager - DB,MA,2481,4/5/1973,Male,Single,US Citizen,No,White,1/20/2013,,N/A-StillEmployed,Active,IT/IS,Jennifer Zamora,Indeed,Fully Meets,3.6,5,7,2/18/2019,0,13
"Ruiz, Ricardo",10222,No,Yes,148999,Yes,IT Manager - DB,MA,1915,1/4/1964,Male,Divorced,US Citizen,No,Black or African American,1/9/2012,11/4/2015,hours,Voluntarily Terminated,IT/IS,Jennifer Zamora,Diversity Job Fair,Fully Meets,4.3,4,6,1/4/2015,0,8
"Saada, Adell",10126,Yes,No,86214,No,Software Engineer,MA,2132,7/24/1986,Female,Married,US Citizen,No,White,11/5/2012,,N/A-StillEmployed,Active,Software Engineering,Alex Sweetwater,Indeed,Fully Meets,4.2,3,6,2/13/2019,0,2
"Saar-Beckles, Melinda",10295,No,Yes,47750,No,Production Technician I,MA,1801,6/6/1968,Female,Single,US Citizen,No,Black or African American,7/4/2016,,N/A-StillEmployed,Active,Production,Kelley Spirea,Diversity Job Fair,Needs Improvement,2.6,4,0,2/18/2019,5,4
"Sadki, Nore  ",10260,No,No,46428,Yes,Production Technician I,MA,2148,12/21/1974,Male,Single,US Citizen,No,White,1/5/2009,7/30/2018,relocation out of area,Voluntarily Terminated,Production,Michael Albert,Google Search,Fully Meets,4.6,5,0,2/5/2018,0,7
"Sahoo, Adil",10233,Yes,No,57975,No,Production Technician II,MA,2062,4/26/1986,Male,Married,US Citizen,No,White,8/30/2010,,N/A-StillEmployed,Active,Production,Kelley Spirea,CareerBuilder,Fully Meets,4.1,3,0,1/10/2019,0,13
"Salter, Jason",10229,No,No,88527,Yes,Data Analyst,MA,2452,12/17/1987,Male,Divorced,US Citizen,No,Black or African American,1/5/2015,10/31/2015,hours,Voluntarily Terminated,IT/IS,Simon Roup,LinkedIn,Fully Meets,4.2,3,5,4/20/2015,0,2
"Sander, Kamrin",10169,Yes,No,56147,No,Production Technician I,MA,2154,7/10/1988,Female,Married,US Citizen,No,Black or African American,9/29/2014,,N/A-StillEmployed,Active,Production,Elijiah Gray,LinkedIn,Fully Meets,3.51,3,0,2/18/2019,0,2
"Sewkumar, Nori",10071,No,No,50923,No,Production Technician I,MA,2191,3/10/1975,Female,Single,US Citizen,No,Asian,9/30/2013,,N/A-StillEmployed,Active,Production,Webster Butler,Google Search,Fully Meets,5,5,0,2/6/2019,0,14
"Shepard, Anita ",10179,Yes,No,50750,No,Network Engineer,MA,1773,4/14/1981,Female,Married,US Citizen,No,White,9/30/2014,,N/A-StillEmployed,Active,IT/IS,Peter Monroe,LinkedIn,Fully Meets,3.31,3,6,1/7/2019,0,7
"Shields, Seffi",10091,Yes,No,52087,No,Production Technician I,MA,2149,8/24/1985,Female,Married,US Citizen,No,White,8/19/2013,,N/A-StillEmployed,Active,Production,Amy Dunn,LinkedIn,Fully Meets,4.81,4,0,2/15/2019,0,15
"Simard, Kramer",10178,Yes,No,87826,No,Data Analyst,MA,2110,2/8/1970,Male,Married,US Citizen,Yes,White,1/5/2015,,N/A-StillEmployed,Active,IT/IS,Simon Roup,Employee Referral,Fully Meets,3.32,3,7,1/14/2019,0,16
"Singh, Nan ",10039,No,No,51920,No,Administrative Assistant,MA,2330,5/19/1988,Female,Single,US Citizen,No,White,5/1/2015,,N/A-StillEmployed,Active,Admin Offices,Brandon R. LeBlanc,Website,Fully Meets,5,3,5,1/15/2019,0,2
"Sloan, Constance",10095,No,No,63878,Yes,Production Technician II,MA,1851,11/25/1987,Female,Single,US Citizen,No,White,10/26/2009,4/8/2015,maternity leave - did not return,Voluntarily Terminated,Production,Michael Albert,CareerBuilder,Fully Meets,4.68,4,0,4/2/2015,0,20
"Smith, Joe",10027,No,No,60656,No,Production Technician II,MA,2045,10/30/1963,Male,Single,US Citizen,No,White,9/29/2014,,N/A-StillEmployed,Active,Production,Elijiah Gray,Indeed,Exceeds,4.3,3,0,1/28/2019,0,4
"Smith, John",10291,No,Yes,72992,No,Sales Manager,MA,1886,8/16/1984,Male,Divorced,US Citizen,No,Black or African American,5/18/2014,,N/A-StillEmployed,Active,Sales,Debra Houlihan,Diversity Job Fair,Needs Improvement,2.4,4,0,1/16/2019,2,16
"Smith, Leigh Ann",10153,Yes,Yes,55000,Yes,Administrative Assistant,MA,1844,6/14/1987,Female,Married,US Citizen,No,Black or African American,9/26/2011,9/25/2013,career change,Voluntarily Terminated,Admin Offices,Brandon R. LeBlanc,Diversity Job Fair,Fully Meets,3.8,4,4,8/15/2013,0,17
"Smith, Sade",10157,No,No,58939,No,Production Technician I,MA,2130,2/2/1965,Female,Single,US Citizen,No,White,11/11/2013,,N/A-StillEmployed,Active,Production,Ketsia Liebig,Employee Referral,Fully Meets,3.73,3,0,1/24/2019,0,16
"Soto, Julia ",10119,Yes,No,66593,No,IT Support,MA,2360,3/12/1973,Female,Married,US Citizen,No,Black or African American,6/10/2011,,N/A-StillEmployed,Active,IT/IS,Eric Dougall,LinkedIn,Fully Meets,4.3,3,5,2/8/2019,0,19
"Soze, Keyser",10180,Yes,No,87565,No,Sr. Network Engineer,MA,1545,2/9/1983,Male,Married,US Citizen,No,Asian,6/30/2016,,N/A-StillEmployed,Active,IT/IS,Peter Monroe,LinkedIn,Fully Meets,3.27,4,5,1/14/2019,0,13
"Sparks, Taylor  ",10302,Yes,No,64021,No,Production Technician I,MA,2093,7/20/1968,Female,Married,US Citizen,No,White,2/20/2012,,N/A-StillEmployed,Active,Production,Brannon Miller,Indeed,PIP,2.4,2,1,2/25/2019,6,20
"Spirea, Kelley",10090,Yes,No,65714,No,Production Manager,MA,2451,9/30/1975,Female,Married,US Citizen,No,White,10/2/2012,,N/A-StillEmployed,Active,Production,Janet King,LinkedIn,Fully Meets,4.83,5,0,2/14/2019,0,15
"Squatrito, Kristen",10030,No,No,62425,Yes,Production Technician I,MA,2359,3/26/1973,Female,Divorced,US Citizen,No,White,5/13/2013,6/29/2015,unhappy,Voluntarily Terminated,Production,David Stanley,LinkedIn,Exceeds,4.1,4,0,3/2/2015,0,16
"Stanford,Barbara  M",10278,No,No,47961,No,Production Technician I,MA,2050,8/25/1982,Female,Divorced,US Citizen,No,Two or more races,1/10/2011,,N/A-StillEmployed,Active,Production,Kissy Sullivan,Google Search,Fully Meets,4.1,4,0,2/7/2019,0,9
"Stansfield, Norman",10307,Yes,No,58273,No,Area Sales Manager,NV,89139,5/9/1974,Male,Married,US Citizen,No,White,5/12/2014,,N/A-StillEmployed,Active,Sales,Lynn Daneault,Website,PIP,1.81,2,0,1/17/2019,3,5
"Steans, Tyrone  ",10147,No,No,63003,No,Accountant I,MA,2703,9/1/1986,Male,Single,US Citizen,No,White,9/29/2014,,N/A-StillEmployed,Active,Admin Offices,Brandon R. LeBlanc,Indeed,Fully Meets,3.9,5,5,1/18/2019,0,9
"Stoica, Rick",10266,Yes,No,61355,No,Production Technician I,MA,2301,3/14/1985,Male,Married,US Citizen,No,Asian,2/17/2014,,N/A-StillEmployed,Active,Production,Kelley Spirea,LinkedIn,Fully Meets,4.7,3,0,1/11/2019,0,4
"Strong, Caitrin",10241,Yes,No,60120,No,Area Sales Manager,MT,59102,5/12/1989,Female,Married,US Citizen,No,Black or African American,9/27/2010,,N/A-StillEmployed,Active,Sales,John Smith,Indeed,Fully Meets,4.1,4,0,1/31/2019,0,18
"Sullivan, Kissy ",10158,Yes,No,63682,No,Production Manager,MA,1776,3/28/1978,Female,Married,US Citizen,No,Black or African American,1/8/2009,,N/A-StillEmployed,Active,Production,Janet King,Indeed,Fully Meets,3.73,4,0,1/24/2019,0,12
"Sullivan, Timothy",10117,Yes,No,63025,No,Production Technician I,MA,2747,10/7/1982,Male,Married,US Citizen,Yes,White,1/5/2015,,N/A-StillEmployed,Active,Production,Michael Albert,Google Search,Fully Meets,4.36,5,0,1/24/2019,0,10
"Sutwell, Barbara",10209,No,No,59238,No,Production Technician I,MA,2718,8/15/1968,Female,Single,Eligible NonCitizen,No,Asian,5/14/2012,,N/A-StillEmployed,Active,Production,Elijiah Gray,Indeed,Fully Meets,3.4,5,0,1/31/2019,0,13
"Szabo, Andrew",10024,No,No,92989,No,Software Engineer,MA,2140,5/6/1983,Male,Single,US Citizen,No,White,7/7/2014,,N/A-StillEmployed,Active,Software Engineering,Alex Sweetwater,LinkedIn,Exceeds,4.5,5,5,2/18/2019,0,1
"Tannen, Biff",10173,Yes,No,90100,No,BI Developer,MA,2134,10/24/1987,Male,Married,US Citizen,No,White,4/20/2017,,N/A-StillEmployed,Active,IT/IS,Brian Champaigne,Indeed,Fully Meets,3.4,3,6,1/2/2019,0,14
"Tavares, Desiree  ",10221,Yes,Yes,60754,Yes,Production Technician I,MA,1801,4/3/1975,Female,Married,Non-Citizen,No,Black or African American,4/27/2009,4/1/2013,Another position,Voluntarily Terminated,Production,Webster Butler,Diversity Job Fair,Fully Meets,4.5,5,0,2/15/2012,0,11
"Tejeda, Lenora ",10146,Yes,No,72202,Yes,Production Technician II,MA,2129,5/24/1953,Female,Married,US Citizen,No,White,5/16/2011,7/8/2017,Another position,Voluntarily Terminated,Production,Elijiah Gray,Google Search,Fully Meets,3.93,3,0,4/18/2017,0,3
"Terry, Sharlene ",10161,No,No,58370,No,Area Sales Manager,OR,97756,5/7/1965,Female,Single,US Citizen,No,Black or African American,9/29/2014,,N/A-StillEmployed,Active,Sales,Lynn Daneault,Indeed,Fully Meets,3.69,3,0,1/28/2019,0,18
"Theamstern, Sophia",10141,No,No,48413,Yes,Production Technician I,MA,2066,5/9/1965,Female,Single,US Citizen,No,White,7/5/2011,9/5/2016,return to school,Voluntarily Terminated,Production,Amy Dunn,Indeed,Fully Meets,3.98,4,0,3/2/2016,0,1
"Thibaud, Kenneth",10268,No,No,67176,Yes,Production Technician II,MA,2472,9/16/1975,Male,Widowed,US Citizen,No,White,6/25/2007,8/30/2010,military,Voluntarily Terminated,Production,Webster Butler,Other,Fully Meets,4.1,4,0,7/14/2010,0,15
"Tippett, Jeanette",10123,No,No,56339,No,Production Technician I,MA,2093,6/5/1967,Female,Divorced,US Citizen,No,Black or African American,2/18/2013,,N/A-StillEmployed,Active,Production,Brannon Miller,Indeed,Fully Meets,4.21,5,0,1/14/2019,0,4
"Torrence, Jack",10013,No,No,64397,No,Area Sales Manager,ND,58782,1/15/1968,Male,Separated,US Citizen,No,White,1/9/2006,,N/A-StillEmployed,Active,Sales,Lynn Daneault,Indeed,Exceeds,4.1,3,0,1/4/2019,0,6
"Trang, Mei",10287,No,No,63025,No,Production Technician I,MA,2021,5/16/1983,Female,Single,US Citizen,No,White,2/17/2014,,N/A-StillEmployed,Active,Production,David Stanley,LinkedIn,Needs Improvement,2.44,5,0,2/11/2019,4,18
"Tredinnick, Neville ",10044,Yes,No,75281,Yes,Network Engineer,MA,1420,5/5/1988,Male,Married,US Citizen,No,White,1/5/2015,2/12/2016,medical issues,Voluntarily Terminated,IT/IS,Peter Monroe,CareerBuilder,Fully Meets,5,3,5,4/15/2015,0,11
"True, Edward",10102,No,Yes,100416,Yes,Software Engineer,MA,2451,6/14/1983,Male,Single,Non-Citizen,No,Black or African American,2/18/2013,4/15/2018,medical issues,Voluntarily Terminated,Software Engineering,Alex Sweetwater,Diversity Job Fair,Fully Meets,4.6,3,4,2/12/2017,0,9
"Trzeciak, Cybil",10270,No,No,74813,Yes,Production Technician II,MA,1778,3/15/1985,Female,Single,US Citizen,No,White,1/10/2011,7/2/2014,unhappy,Voluntarily Terminated,Production,Amy Dunn,LinkedIn,Fully Meets,4.4,3,0,1/5/2014,0,5
"Turpin, Jumil",10045,Yes,No,76029,No,Network Engineer,MA,2343,3/31/1969,Male,Married,Eligible NonCitizen,No,White,3/30/2015,,N/A-StillEmployed,Active,IT/IS,Peter Monroe,Employee Referral,Fully Meets,5,4,7,1/14/2019,0,8
"Valentin,Jackie",10205,Yes,No,57859,No,Area Sales Manager,AZ,85006,5/23/1991,Female,Married,US Citizen,No,Two or more races,7/5/2011,,N/A-StillEmployed,Active,Sales,John Smith,Indeed,Fully Meets,2.81,3,0,1/17/2019,0,16
"Veera, Abdellah ",10014,No,No,58523,Yes,Production Technician I,MA,2171,1/31/1987,Male,Divorced,US Citizen,No,White,8/13/2012,2/5/2016,maternity leave - did not return,Voluntarily Terminated,Production,Kissy Sullivan,LinkedIn,Exceeds,4.5,5,0,2/1/2016,0,15
"Vega, Vincent",10144,No,No,88976,No,Production Manager,MA,2169,10/10/1968,Male,Divorced,US Citizen,No,White,8/1/2011,,N/A-StillEmployed,Active,Production,Janet King,Employee Referral,Fully Meets,3.93,3,0,2/27/2019,0,19
"Villanueva, Noah",10253,No,No,55875,No,Area Sales Manager,ME,4063,7/11/1989,Male,Single,US Citizen,No,Asian,3/5/2012,,N/A-StillEmployed,Active,Sales,John Smith,Website,Fully Meets,4.5,4,0,1/18/2019,0,11
"Voldemort, Lord",10118,Yes,No,113999,Yes,Database Administrator,MA,1960,8/7/1986,Male,Married,US Citizen,No,Black or African American,2/16/2015,2/22/2017,"no-call, no-show",Terminated for Cause,IT/IS,Simon Roup,Employee Referral,Fully Meets,4.33,3,7,2/15/2017,0,9
"Volk, Colleen",10022,Yes,No,49773,Yes,Production Technician I,MA,2747,6/3/1986,Female,Married,US Citizen,No,White,9/26/2011,2/8/2016,gross misconduct,Terminated for Cause,Production,Kelley Spirea,Google Search,Exceeds,4.3,5,0,2/1/2015,0,18
"Von Massenbach, Anna",10183,No,No,62068,No,Production Technician I,MA,2124,4/6/1985,Female,Single,US Citizen,No,White,7/5/2015,,N/A-StillEmployed,Active,Production,Michael Albert,LinkedIn,Fully Meets,3.21,3,0,1/29/2019,0,7
"Walker, Roger",10190,No,No,66541,No,Production Technician II,MA,2459,2/10/1976,Male,Single,US Citizen,No,Black or African American,8/18/2014,,N/A-StillEmployed,Active,Production,Ketsia Liebig,Employee Referral,Fully Meets,3.11,5,0,2/12/2019,0,4
"Wallace, Courtney  E",10274,Yes,Yes,80512,Yes,Production Manager,MA,2478,11/14/1955,Female,Married,US Citizen,No,Black or African American,9/26/2011,1/2/2012,Another position,Voluntarily Terminated,Production,Janet King,Diversity Job Fair,Fully Meets,4.5,3,0,1/2/2012,0,5
"Wallace, Theresa",10293,No,No,50274,Yes,Production Technician I,MA,1887,8/2/1980,Female,Single,US Citizen,No,White,8/13/2012,9/1/2015,career change,Voluntarily Terminated,Production,Elijiah Gray,CareerBuilder,Needs Improvement,2.5,3,0,9/5/2014,6,13
"Wang, Charlie",10172,No,No,84903,No,Senior BI Developer,MA,1887,7/8/1981,Male,Single,US Citizen,No,Asian,2/15/2017,,N/A-StillEmployed,Active,IT/IS,Brian Champaigne,Indeed,Fully Meets,3.42,4,7,1/4/2019,0,17
"Warfield, Sarah",10127,No,No,107226,No,Sr. Network Engineer,MA,2453,5/2/1978,Female,Widowed,US Citizen,No,Asian,3/30/2015,,N/A-StillEmployed,Active,IT/IS,Peter Monroe,Employee Referral,Fully Meets,4.2,4,8,2/5/2019,0,7
"Whittier, Scott",10072,No,No,58371,Yes,Production Technician I,MA,2030,5/24/1987,Male,Single,US Citizen,Yes,White,1/10/2011,5/15/2014,hours,Voluntarily Terminated,Production,Webster Butler,LinkedIn,Fully Meets,5,5,0,5/15/2014,0,11
"Wilber, Barry",10048,Yes,No,55140,Yes,Production Technician I,MA,2324,9/9/1965,Male,Married,Eligible NonCitizen,No,White,5/16/2011,9/7/2015,unhappy,Voluntarily Terminated,Production,Amy Dunn,Website,Fully Meets,5,3,0,2/15/2015,0,7
"Wilkes, Annie",10204,No,No,58062,Yes,Production Technician I,MA,1876,7/30/1983,Female,Divorced,US Citizen,No,White,1/10/2011,5/14/2012,Another position,Voluntarily Terminated,Production,Ketsia Liebig,Google Search,Fully Meets,3.6,5,0,2/6/2011,0,9
"Williams, Jacquelyn  ",10264,No,Yes,59728,Yes,Production Technician I,MA,2109,10/2/1969,Female,Single,US Citizen,Yes,Black or African American,1/9/2012,6/27/2015,relocation out of area,Voluntarily Terminated,Production,Ketsia Liebig,Diversity Job Fair,Fully Meets,4.3,4,0,6/2/2014,0,16
"Winthrop, Jordan  ",10033,No,No,70507,Yes,Production Technician II,MA,2045,11/7/1958,Male,Single,US Citizen,No,White,1/7/2013,2/21/2016,retiring,Voluntarily Terminated,Production,Brannon Miller,LinkedIn,Exceeds,5,3,0,1/19/2016,0,7
"Wolk, Hang  T",10174,No,No,60446,No,Production Technician II,MA,2302,4/20/1985,Female,Single,US Citizen,No,White,9/29/2014,,N/A-StillEmployed,Active,Production,David Stanley,LinkedIn,Fully Meets,3.4,4,0,2/21/2019,0,14
"Woodson, Jason",10135,No,No,65893,No,Production Technician II,MA,1810,5/11/1985,Male,Single,US Citizen,No,White,7/7/2014,,N/A-StillEmployed,Active,Production,Kissy Sullivan,LinkedIn,Fully Meets,4.07,4,0,2/28/2019,0,13
"Ybarra, Catherine ",10301,No,No,48513,Yes,Production Technician I,MA,2458,5/4/1982,Female,Single,US Citizen,No,Asian,9/2/2008,9/29/2015,Another position,Voluntarily Terminated,Production,Brannon Miller,Google Search,PIP,3.2,2,0,9/2/2015,5,4
"Zamora, Jennifer",10010,No,No,220450,No,CIO,MA,2067,8/30/1979,Female,Single,US Citizen,No,White,4/10/2010,,N/A-StillEmployed,Active,IT/IS,Janet King,Employee Referral,Exceeds,4.6,5,6,2/21/2019,0,16
"Zhou, Julia",10043,No,No,89292,No,Data Analyst,MA,2148,2/24/1979,Female,Single,US Citizen,No,White,3/30/2015,,N/A-StillEmployed,Active,IT/IS,Simon Roup,Employee Referral,Fully Meets,5,3,5,2/1/2019,0,11
"Zima, Colleen",10271,No,No,45046,No,Production Technician I,MA,1730,8/17/1978,Female,Widowed,US Citizen,No,Asian,9/29/2014,,N/A-StillEmployed,Active,Production,David Stanley,LinkedIn,Fully Meets,4.5,5,0,1/30/2019,0,2
